-- Phụ thuộc migration `20260320183000_physical_stat_and_seed_events` (enum đã commit).

-- 20 sự kiện mở đầu: hành trình từ bờ suối tới cổng đỉnh (định hướng karma / tu vi / luck / thể lực)
INSERT INTO "events" ("id", "title", "description", "type", "is_active") VALUES
(1, 'Bờ suối linh khí', 'Ngươi tỉnh lại bên dòng suối trong. Không nhớ mình đến đây thế nào — chỉ thấy linh khí mỏng như sương và tiếng nước vấn thần.', 'normal', true),
(2, 'Con đường mòn', 'Hai lối: một lên đồi gió lộng, một xuống thung lũng ẩm. Đều dẫn về phía núi xa.', 'normal', true),
(3, 'Tiếng động trong bụi', 'Bụi rậm khẽ động. Có thể là thú, có thể là người — hoặc thứ gì đó ở giữa.', 'encounter', true),
(4, 'Lão nhân gánh củi', 'Một lão nhân gánh củi dừng lại, mắt như nhìn xuyên màn sương. Ông không nói, chỉ gật nhẹ.', 'normal', true),
(5, 'Miếu hoang', 'Tượng đổ nửa, hương còn sót. Trên bàn có đồng tiền cổ — không biết ai để lại.', 'normal', true),
(6, 'Thác nước', 'Hơi nước lạnh bao quanh. Có người nói đứng dưới thác có thể rửa trôi tạp niệm.', 'normal', true),
(7, 'Miệng hang', 'Trong bóng tối vọng ra tiếng nước rơi. Mùi đất ẩm và kim loại cũ.', 'encounter', true),
(8, 'Hỏa tinh lơ lửng', 'Những đóm lửa nhỏ bay không gốc, như có mắt nhìn theo từng bước chân.', 'encounter', true),
(9, 'Linh thảo', 'Một cây nhỏ lá phát sáng nhẹ. Gió qua là lá rung như thì thầm.', 'normal', true),
(10, 'Trại đêm', 'Lửa trại bập bùng. Xung quanh có bóng người — không rõ là khách đồng hành hay kẻ rình.', 'encounter', true),
(11, 'Cơn mưa núi', 'Trời đổ, đường trơn. Sấm xa như có ai đang thử lòng người leo núi.', 'normal', true),
(12, 'Cầu tre', 'Cầu già, dưới là vực sâu mù mịt. Mỗi bước kêu cót két như nhắc nhở.', 'normal', true),
(13, 'Sương độc', 'Mù trắng bao bọc. Khó thở — hoặc không phải không khí, mà là ký ức ai đó còn vướng.', 'encounter', true),
(14, 'Đỉnh đồi quan sát', 'Từ đây trông thấy đỉnh núi xa mờ, có ánh chớp lướt như có trận pháp.', 'normal', true),
(15, 'Kẻ chặn đường', 'Một tu sĩ chắn lối, tay đặt lên chuôi kiếm. Ánh mắt không thù không hữu — chỉ thử.', 'encounter', true),
(16, 'Gánh hàng rong', 'Người bán đồ lạ: ngọc vụn, phù giấy, lọ không nhãn. Giá không bằng tiền mà bằng “duyên”.', 'normal', true),
(17, 'Thôn nhỏ', 'Có nhà vách đất, có người nằm thở yếu. Tiếng ho khan từ trong mái tranh.', 'normal', true),
(18, 'Thiên lôi rền', 'Mây đen kéo, sét giáng xuống sườn núi. Đất rung — như thiên uy cảnh cáo.', 'encounter', true),
(19, 'Cổng đá cổ', 'Tảng đá khắc chữ mờ, rêu xanh bám đầy. Phía sau là lối vào khu vực cấm — hoặc cơ duyên.', 'normal', true),
(20, 'Trước cổng đỉnh', 'Một bước nữa là vào cảnh giới khác. Gió ngừng, tiếng chim cũng tắt — chỉ còn tim ngươi đập.', 'ending', true)
ON CONFLICT ("id") DO NOTHING;

INSERT INTO "choices" ("id", "event_id", "content", "next_event_id", "weight") VALUES
(1, 1, 'Chạy tại chỗ, hít thở theo nhịp nước — rèn thân.', 2, 1),
(2, 1, 'Ngồi kết ấn, để linh khí vào đan điền.', 2, 1),
(3, 2, 'Leo thẳng đồi, chịu gió để rèn gân cốt.', 3, 1),
(4, 2, 'Xuống thung lũng, tìm lối ngắn và quan sát dấu chân.', 3, 1),
(5, 3, 'Ẩn mình quan sát, không manh động.', 4, 1),
(6, 3, 'Bước ra đối diện, thể hiện ý chí.', 4, 1),
(7, 4, 'Chào hỏi cung kính, hỏi đường lên núi.', 5, 1),
(8, 4, 'Gật đầu rồi lặng lẽ đi qua, giữ tâm không nhiễm.', 5, 1),
(9, 5, 'Không đụng vào đồng tiền, chỉ vái một vái rồi ra.', 6, 1),
(10, 5, 'Cầm lấy đồng tiều — xem như duyên trời cho.', 6, 1),
(11, 6, 'Đứng dưới thác, để nước xối lên vai và lưng.', 7, 1),
(12, 6, 'Ngồi bên bờ, tĩnh tâm nghe tiếng nước.', 7, 1),
(13, 7, 'Thắp linh hỏa nhỏ, soi từng bước.', 8, 1),
(14, 7, 'Mò vào trong, dùng thân thể chịu va chạm để nhớ đường.', 8, 1),
(15, 8, 'Giữ khoảng cách, quan sát quy luật của lửa.', 9, 1),
(16, 8, 'Tiến lại gần, thử dẫn khí tiếp xúc.', 9, 1),
(17, 9, 'Chỉ hái một lá, đủ để thử — không tham.', 10, 1),
(18, 9, 'Không hái, chỉ ghi nhớ hình dạng cây.', 10, 1),
(19, 10, 'Mời người lạ ngồi cùng, chia củi và nước.', 11, 1),
(20, 10, 'Giữ khoảng cách, canh gác một góc.', 11, 1),
(21, 11, 'Tìm hang đá trú mưa, giữ thân khô.', 12, 1),
(22, 11, 'Bước trong mưa, coi như rửa tâm.', 12, 1),
(23, 12, 'Bò qua cầu từng bước, dùng trọng tâm thân thể.', 13, 1),
(24, 12, 'Nhẹ nhàng dùng pháp lực nâng bước — tiết kiệm sức.', 13, 1),
(25, 13, 'Bịt hơi, điều nhịp thở, chịu đựng bằng thể chất.', 14, 1),
(26, 13, 'Ngồi tĩnh, dùng nội tức lọc độc trong khí.', 14, 1),
(27, 14, 'Quan sát trời đất, ghi nhớ ấn tượng vào đạo tâm.', 15, 1),
(28, 14, 'Cắm một nhánh cây làm dấu — cầu may cho chặng sau.', 15, 1),
(29, 15, 'Đấu thử một chiêu, không hạ sát thủ.', 16, 1),
(30, 15, 'Hành lễ, nói rõ ý không địch — xin nhường đường.', 16, 1),
(31, 16, 'Mua một món nhỏ, coi như kết duyên.', 17, 1),
(32, 16, 'Từ chối — giữ túi và giữ tâm.', 17, 1),
(33, 17, 'Đưa một ít linh khí giúp người ốm.', 18, 1),
(34, 17, 'Lặng lẽ đi qua — không can thiệp nhân quả thôn này.', 18, 1),
(35, 18, 'Đứng nơi trống, luyện thể chịu uy áp trời.', 19, 1),
(36, 18, 'Tránh chỗ sét đánh, tìm lối vòng an toàn.', 19, 1),
(37, 19, 'Đặt tay lên cổng, cảm nhận trận pháp cổ.', 20, 1),
(38, 19, 'Cúi đầu lễ trước khi bước qua.', 20, 1),
(39, 20, 'Bước vào — chấp nhận thử thách đỉnh.', NULL, 1),
(40, 20, 'Dừng lại một nhịp, điều hơi, rồi mới vào.', NULL, 1)
ON CONFLICT ("id") DO NOTHING;

INSERT INTO "choice_effects" ("choice_id", "stat", "value") VALUES
(1, 'physical', 2),
(2, 'tu_vi', 1),
(3, 'physical', 1),
(4, 'luck', 1),
(5, 'karma', 1),
(5, 'tu_vi', 1),
(6, 'physical', 1),
(6, 'karma', -1),
(7, 'karma', 2),
(8, 'tu_vi', 1),
(9, 'karma', 2),
(10, 'luck', 1),
(10, 'karma', -2),
(11, 'physical', 1),
(12, 'karma', 1),
(13, 'tu_vi', 1),
(14, 'physical', 1),
(14, 'luck', 1),
(15, 'luck', 1),
(16, 'tu_vi', 1),
(16, 'karma', 1),
(17, 'luck', 1),
(18, 'karma', 1),
(19, 'karma', 2),
(20, 'tu_vi', 1),
(21, 'physical', 1),
(22, 'luck', 1),
(23, 'physical', 2),
(24, 'tu_vi', 1),
(25, 'physical', 1),
(26, 'tu_vi', 2),
(27, 'tu_vi', 1),
(28, 'luck', 1),
(29, 'tu_vi', 1),
(29, 'physical', 1),
(30, 'karma', 2),
(31, 'luck', 1),
(31, 'karma', -1),
(32, 'karma', 1),
(33, 'karma', 3),
(33, 'physical', -1),
(34, 'karma', -2),
(35, 'physical', 2),
(36, 'luck', 1),
(37, 'tu_vi', 2),
(38, 'karma', 2),
(39, 'tu_vi', 1),
(39, 'karma', 1),
(40, 'physical', 1),
(40, 'luck', 1);

INSERT INTO "event_tags" ("event_id", "tag") VALUES
(1, 'chapter_01'),
(1, 'intro'),
(1, 'tutorial_stats'),
(2, 'path_fork'),
(3, 'encounter'),
(4, 'npc'),
(5, 'moral_choice'),
(6, 'body_or_mind'),
(7, 'cave'),
(8, 'element_fire'),
(9, 'herb'),
(10, 'camp'),
(11, 'weather'),
(12, 'bridge'),
(13, 'poison_fog'),
(14, 'vista'),
(15, 'rival'),
(16, 'merchant'),
(17, 'village'),
(18, 'thunder'),
(19, 'gate'),
(20, 'chapter_01_end'),
(20, 'ending')
ON CONFLICT ("event_id", "tag") DO NOTHING;

SELECT setval(pg_get_serial_sequence('events', 'id'), (SELECT COALESCE(MAX("id"), 1) FROM "events"));
SELECT setval(pg_get_serial_sequence('choices', 'id'), (SELECT COALESCE(MAX("id"), 1) FROM "choices"));
SELECT setval(pg_get_serial_sequence('choice_effects', 'id'), (SELECT COALESCE(MAX("id"), 1) FROM "choice_effects"));
SELECT setval(pg_get_serial_sequence('event_tags', 'id'), (SELECT COALESCE(MAX("id"), 1) FROM "event_tags"));
